n_clusters,wss_h2o
1,179377.2709126003
2,113493.85704166503
3,92871.07954442865
4,90964.14561583899
5,72347.6837709962
6,65467.94959630532
7,64907.5512485167
8,62694.583167712764
9,56208.42658613292
10,51698.42610159527
11,48490.14814590329
12,47518.6924416462
13,42887.16154585661
14,41890.15339584063
15,41369.62254195001
16,40233.1248645376
17,38455.329035900344
18,37006.464205428805
19,36882.1154994933
20,35155.22233195853
